{
  "circuit": "bp_fe",
  "n_macros": 11,
  "n_nets": 76,
  "ref_hpwl": 31.116483748689276,
  "best_hpwl": 25.9152097112796,
  "hpwl_ratio": 0.8328450579629272,
  "ref_macro_hpwl": 31.116483748689276,
  "best_macro_hpwl": 25.91520971127956,
  "ref_rudy_max": 737.9646444762718,
  "best_rudy_max": 683.2576975060906,
  "ref_rudy_overflow": 31.250622841673714,
  "best_rudy_overflow": 31.27398564393119,
  "n_iterations": 100,
  "alns_time": 8.765920639038086,
  "n_accepted": null,
  "subset_size": 5,
  "window_fraction": 0.05,
  "cpsat_time_limit": 1.0,
  "congestion_weight": 0.1,
  "routing_constraints": true,
  "min_tracks": 10,
  "boundary_tracks": 20,
  "track_pitch": 0.28,
  "output_def": "bp_fe_alns.def"
}